{"cameraMode":{"drawMode":0,"name":"Shaded","section":"Shading Mode"},"sceneLighting":true,"audioPlay":false,"sceneViewState":{"showFog":true,"showMaterialUpdate":false,"showSkybox":true,"showFlares":true,"showImageEffects":true,"showParticleSystems":true},"in2DMode":false,"pivot":{"x":-0.9581592082977295,"y":-0.5650671720504761,"z":2.666219711303711},"rotation":{"x":-0.05088323354721069,"y":0.942013680934906,"z":-0.16734395921230317,"w":-0.28645187616348269},"size":3.68096923828125,"orthographic":false}